freezing,freezing_1s,freezing_1.5s,freezing_1_75s,cohort_id,id,day,condition,sex,cohort,reexposure_mins,duration,days_since_sefla
3.51,,,,5HT2Afl05a-5,5HT2Afl05a-5,sefla,control,male,ptsd1,NA,60,0
3.08,,,,5HT2Afl05a-7,5HT2Afl05a-7,sefla,control,male,ptsd1,NA,60,0
0.8,,,,5HT2ACre01a-3,5HT2ACre01a-3,sefla,control,male,ptsd1,NA,60,0
0.7,,,,sert26a-3,sert26a-3,sefla,control,male,ptsd1,NA,60,0
45.13,,,,5HT2Afl5a-6,5HT2Afl5a-6,sefla,ptsd,male,ptsd1,NA,60,0
38.13,,,,5HT2ACre01a-2,5HT2ACre01a-2,sefla,ptsd,male,ptsd1,NA,60,0
69.56,,,,sert26a-2,sert26a-2,sefla,ptsd,male,ptsd1,NA,60,0
59.66,,,,5HT2ACre01a-1,5HT2ACre01a-1,sefla,ptsd,male,ptsd1,NA,60,0
8.94,,,,5HT2Afl05a-5,5HT2Afl05a-5,seflb,control,male,ptsd1,NA,3,1
4.53,,,,5HT2Afl05a-7,5HT2Afl05a-7,seflb,control,male,ptsd1,NA,3,1
2.52,,,,5HT2ACre01a-3,5HT2ACre01a-3,seflb,control,male,ptsd1,NA,3,1
2.14,,,,sert26a-3,sert26a-3,seflb,control,male,ptsd1,NA,3,1
13.35,,,,5HT2Afl5a-6,5HT2Afl5a-6,seflb,ptsd,male,ptsd1,NA,3,1
9.45,,,,5HT2ACre01a-2,5HT2ACre01a-2,seflb,ptsd,male,ptsd1,NA,3,1
17.38,,,,sert26a-2,sert26a-2,seflb,ptsd,male,ptsd1,NA,3,1
11.34,,,,5HT2ACre01a-1,5HT2ACre01a-1,seflb,ptsd,male,ptsd1,NA,3,1
43.1,,,,5HT2Afl05a-5,5HT2Afl05a-5,recall1,control,male,ptsd1,0,5,2
35.53,,,,5HT2Afl05a-7,5HT2Afl05a-7,recall1,control,male,ptsd1,0,5,2
30.1,,,,5HT2ACre01a-3,5HT2ACre01a-3,recall1,control,male,ptsd1,0,5,2
44.88,,,,sert26a-3,sert26a-3,recall1,control,male,ptsd1,0,5,2
52.36,,,,5HT2Afl5a-6,5HT2Afl5a-6,recall1,ptsd,male,ptsd1,0,5,2
41.32,,,,5HT2ACre01a-2,5HT2ACre01a-2,recall1,ptsd,male,ptsd1,0,5,2
64.2,,,,sert26a-2,sert26a-2,recall1,ptsd,male,ptsd1,0,5,2
46.75,,,,5HT2ACre01a-1,5HT2ACre01a-1,recall1,ptsd,male,ptsd1,0,5,2
22.61,,,,5HT2Afl05a-5,5HT2Afl05a-5,recall2,control,male,ptsd1,5,5,4
23.94,,,,5HT2Afl05a-7,5HT2Afl05a-7,recall2,control,male,ptsd1,5,5,4
15.04,,,,5HT2ACre01a-3,5HT2ACre01a-3,recall2,control,male,ptsd1,5,5,4
39.54,,,,sert26a-3,sert26a-3,recall2,control,male,ptsd1,5,5,4
26.38,,,,5HT2Afl5a-6,5HT2Afl5a-6,recall2,ptsd,male,ptsd1,5,5,4
15.41,,,,5HT2ACre01a-2,5HT2ACre01a-2,recall2,ptsd,male,ptsd1,5,5,4
40.34,,,,sert26a-2,sert26a-2,recall2,ptsd,male,ptsd1,5,5,4
21.28,,,,5HT2ACre01a-1,5HT2ACre01a-1,recall2,ptsd,male,ptsd1,5,5,4
37.22,,,,5HT2Afl05a-5,5HT2Afl05a-5,recall3,control,male,ptsd1,10,5,6
36.42,,,,5HT2Afl05a-7,5HT2Afl05a-7,recall3,control,male,ptsd1,10,5,6
4.1,,,,5HT2ACre01a-3,5HT2ACre01a-3,recall3,control,male,ptsd1,10,5,6
43.19,,,,sert26a-3,sert26a-3,recall3,control,male,ptsd1,10,5,6
38.91,,,,5HT2Afl5a-6,5HT2Afl5a-6,recall3,ptsd,male,ptsd1,10,5,6
2.23,,,,5HT2ACre01a-2,5HT2ACre01a-2,recall3,ptsd,male,ptsd1,10,5,6
22.8,,,,sert26a-2,sert26a-2,recall3,ptsd,male,ptsd1,10,5,6
NA,,,,5HT2ACre01a-1,5HT2ACre01a-1,recall3,ptsd,male,ptsd1,10,5,6
26.09,,,,5HT2Afl05a-5,5HT2Afl05a-5,recall4,control,male,ptsd1,15,5,13
46.04,,,,5HT2Afl05a-7,5HT2Afl05a-7,recall4,control,male,ptsd1,15,5,13
4.99,,,,5HT2ACre01a-3,5HT2ACre01a-3,recall4,control,male,ptsd1,15,5,13
46.93,,,,sert26a-3,sert26a-3,recall4,control,male,ptsd1,15,5,13
32.5,,,,5HT2Afl5a-6,5HT2Afl5a-6,recall4,ptsd,male,ptsd1,15,5,13
7.03,,,,5HT2ACre01a-2,5HT2ACre01a-2,recall4,ptsd,male,ptsd1,15,5,13
34.55,,,,sert26a-2,sert26a-2,recall4,ptsd,male,ptsd1,15,5,13
NA,,,,5HT2ACre01a-1,5HT2ACre01a-1,recall4,ptsd,male,ptsd1,15,5,13
43.33,,,,5HT2Afl05a-5,5HT2Afl05a-5,recall5,control,male,ptsd1,20,5,27
47.32,,,,5HT2Afl05a-7,5HT2Afl05a-7,recall5,control,male,ptsd1,20,5,27
3.21,,,,5HT2ACre01a-3,5HT2ACre01a-3,recall5,control,male,ptsd1,20,5,27
7.85,,,,sert26a-3,sert26a-3,recall5,control,male,ptsd1,20,5,27
47.84,,,,5HT2Afl5a-6,5HT2Afl5a-6,recall5,ptsd,male,ptsd1,20,5,27
11.77,,,,5HT2ACre01a-2,5HT2ACre01a-2,recall5,ptsd,male,ptsd1,20,5,27
38.2,,,,sert26a-2,sert26a-2,recall5,ptsd,male,ptsd1,20,5,27
NA,,,,5HT2ACre01a-1,5HT2ACre01a-1,recall5,ptsd,male,ptsd1,20,5,27
10.814,,,,5HT2Afl05a-5,5HT2Afl05a-5,recall6,control,male,ptsd1,25,30,41
48.81533333,,,,5HT2Afl05a-7,5HT2Afl05a-7,recall6,control,male,ptsd1,25,30,41
1.04,,,,5HT2ACre01a-3,5HT2ACre01a-3,recall6,control,male,ptsd1,25,30,41
3.841666667,,,,sert26a-3,sert26a-3,recall6,control,male,ptsd1,25,30,41
48.28966667,,,,5HT2Afl5a-6,5HT2Afl5a-6,recall6,ptsd,male,ptsd1,25,30,41
5.771666667,,,,5HT2ACre01a-2,5HT2ACre01a-2,recall6,ptsd,male,ptsd1,25,30,41
41.39433333,,,,sert26a-2,sert26a-2,recall6,ptsd,male,ptsd1,25,30,41
NA,,,,5HT2ACre01a-1,5HT2ACre01a-1,recall6,ptsd,male,ptsd1,25,30,41
6.328,,,,5HT2Afl05a-5,5HT2Afl05a-5,recall7,control,male,ptsd1,55,5,48
37.08,,,,5HT2Afl05a-7,5HT2Afl05a-7,recall7,control,male,ptsd1,55,5,48
0.534,,,,5HT2ACre01a-3,5HT2ACre01a-3,recall7,control,male,ptsd1,55,5,48
6.94,,,,sert26a-3,sert26a-3,recall7,control,male,ptsd1,55,5,48
13.998,,,,5HT2Afl5a-6,5HT2Afl5a-6,recall7,ptsd,male,ptsd1,55,5,48
5.522,,,,5HT2ACre01a-2,5HT2ACre01a-2,recall7,ptsd,male,ptsd1,55,5,48
24.102,,,,sert26a-2,sert26a-2,recall7,ptsd,male,ptsd1,55,5,48
NA,,,,5HT2ACre01a-1,5HT2ACre01a-1,recall7,ptsd,male,ptsd1,55,5,48
5.026333333,2.476,,0.9,2-81,81,sefla,control,male,ptsd2,NA,60,0
8.831166667,5.821,,2.67,2-82,82,sefla,control,male,ptsd2,NA,60,0
2.603,1.023833333,,0.2,2-91,91,sefla,control,male,ptsd2,NA,60,0
1.9125,0.5855,,0.16,2-92,92,sefla,control,male,ptsd2,NA,60,0
50.63883333,49.85333333,,47.69,2-84,84,sefla,ptsd,male,ptsd2,NA,60,0
39.629,37.60533333,,34.34,2-93,93,sefla,ptsd,male,ptsd2,NA,60,0
47.8225,46.2205,,43.12,2-94,94,sefla,ptsd,male,ptsd2,NA,60,0
31.6505,27.72583333,,22.68,2-85,85,sefla,ptsd,male,ptsd2,NA,60,0
48.938,47.61733333,,44.62,2-95,95,sefla,ptsd,male,ptsd2,NA,60,0
54.364,52.6045,,49.79,2-83,83,sefla,ptsd,male,ptsd2,NA,60,0
16.895,12.91,4.57,2.93,2-83,83,seflb,ptsd,male,ptsd2,NA,3,1
8.6325,4.84,2.555,2.93,2-93,93,seflb,ptsd,male,ptsd2,NA,3,1
0.445,0.445,0,0,2-81,81,seflb,control,male,ptsd2,NA,3,1
2.73,1.68,1.68,1.02,2-91,91,seflb,control,male,ptsd2,NA,3,1
4.2,1.89,1.89,1.15,2-82,82,seflb,control,male,ptsd2,NA,3,1
2.5325,1.89,1.89,1.15,2-92,92,seflb,control,male,ptsd2,NA,3,1
18.2575,14.9975,12.5025,8.91,2-94,94,seflb,ptsd,male,ptsd2,NA,3,1
10.1425,7.4125,5.92,2.67,2-84,84,seflb,ptsd,male,ptsd2,NA,3,1
15.39,14.525,11.685,7,2-95,95,seflb,ptsd,male,ptsd2,NA,3,1
18.38,14.88,13.88,9.41,2-85,85,seflb,ptsd,male,ptsd2,NA,3,1
38.532,33.278,27.76,17.47,2-83,83,recall1,ptsd,male,ptsd2,0,5,2
24.046,19.768,13.798,11.68,2-93,93,recall1,ptsd,male,ptsd2,0,5,2
8.284,3.92,0.622,0.62,2-81,81,recall1,control,male,ptsd2,0,5,2
14.974,12.476,9.714,7.58,2-91,91,recall1,control,male,ptsd2,0,5,2
28.798,25.062,18.104,17.02,2-82,82,recall1,control,male,ptsd2,0,5,2
14.418,9.964,4.806,2.14,2-92,92,recall1,control,male,ptsd2,0,5,2
38.234,34.582,29.51,27.9,2-94,94,recall1,ptsd,male,ptsd2,0,5,2
25.39,21.824,18.704,16.04,2-84,84,recall1,ptsd,male,ptsd2,0,5,2
49.51024043,49.51024043,49.51024043,43.58,2-95,95,recall1,ptsd,male,ptsd2,0,5,2
31.894,29.758,24.58,20.86,2-85,85,recall1,ptsd,male,ptsd2,0,5,2
27.71,23.43,,15,2-83,83,recall2,ptsd,male,ptsd2,5,5,5
15.978,10.27,,2.77,2-93,93,recall2,ptsd,male,ptsd2,5,5,5
7.12,3.114,,0.71,2-81,81,recall2,control,male,ptsd2,5,5,5
11.684,9.72,,6.43,2-91,91,recall2,control,male,ptsd2,5,5,5
11.136,6.766,,1.96,2-82,82,recall2,control,male,ptsd2,5,5,5
3.114,1.424,,0,2-92,92,recall2,control,male,ptsd2,5,5,5
19.076,13.82,,7.13,2-94,94,recall2,ptsd,male,ptsd2,5,5,5
27.24,23.13,,18.89,2-84,84,recall2,ptsd,male,ptsd2,5,5,5
26.59974906,26.59974906,,35.29,2-95,95,recall2,ptsd,male,ptsd2,5,5,5
18.974,13.27,,3.65,2-85,85,recall2,ptsd,male,ptsd2,5,5,5
12.034,4.016,,0.62,2-83,83,recall3,ptsd,male,ptsd2,10,5,7
17.3,9.192,,2.23,2-93,93,recall3,ptsd,male,ptsd2,10,5,7
7.572,3.032,,0,2-81,81,recall3,control,male,ptsd2,10,5,7
9.796,5.612,,2.41,2-91,91,recall3,control,male,ptsd2,10,5,7
3.22,1.43,,0,2-82,82,recall3,control,male,ptsd2,10,5,7
2.942,0.358,,0,2-92,92,recall3,control,male,ptsd2,10,5,7
6.234,3.204,,1.25,2-94,94,recall3,ptsd,male,ptsd2,10,5,7
11.234,7.764,,3.57,2-84,84,recall3,ptsd,male,ptsd2,10,5,7
21.402,18.106,,8.38,2-95,95,recall3,ptsd,male,ptsd2,10,5,7
9.608938547,9.608938547,,5.44,2-85,85,recall3,ptsd,male,ptsd2,10,5,7
25.842,20.938,,12.3,2-83,83,recall4,ptsd,male,ptsd2,15,5,21
7.398,4.188,,1.96,2-93,93,recall4,ptsd,male,ptsd2,15,5,21
6.61,3.042,,1.43,2-81,81,recall4,control,male,ptsd2,15,5,21
7.304,3.74,,2.5,2-91,91,recall4,control,male,ptsd2,15,5,21
2.237136465,2.237136465,,11.85,2-82,82,recall4,control,male,ptsd2,15,5,21
14.89,12.664,,6.6,2-92,92,recall4,control,male,ptsd2,15,5,21
11.684,8.378,,5.44,2-94,94,recall4,ptsd,male,ptsd2,15,5,21
5.618,2.232,,0,2-84,84,recall4,ptsd,male,ptsd2,15,5,21
22.79957582,22.79957582,,16.58,2-95,95,recall4,ptsd,male,ptsd2,15,5,21
13.41077086,13.41077086,,5.53,2-85,85,recall4,ptsd,male,ptsd2,15,5,21
8.378,4.19,,1.43,2-83,83,recall5,ptsd,male,ptsd2,20,5,35
8.824,4.372,,0.62,2-93,93,recall5,ptsd,male,ptsd2,20,5,35
3.918,1.778,,1.43,2-81,81,recall5,control,male,ptsd2,20,5,35
4.004,1.424,,0.71,2-91,91,recall5,control,male,ptsd2,20,5,35
3.74,0.892,,0,2-82,82,recall5,control,male,ptsd2,20,5,35
22.816,0,,0,2-92,92,recall5,control,male,ptsd2,20,5,35
0.444,15.954,,7.31,2-94,94,recall5,ptsd,male,ptsd2,20,5,35
17.64,0,,0,2-84,84,recall5,ptsd,male,ptsd2,20,5,35
4.19,14.88,,9.36,2-95,95,recall5,ptsd,male,ptsd2,20,5,35
2.406,0.716,,0,2-85,85,recall5,ptsd,male,ptsd2,20,5,35
4.286333333,1.602333333,,0.52,2-83,83,recall6,ptsd,male,ptsd2,25,30,42
4.049,1.35,,0.13,2-93,93,recall6,ptsd,male,ptsd2,25,30,42
1.409333333,0.475,,0.15,2-81,81,recall6,control,male,ptsd2,25,30,42
2.625333333,0.712,,0,2-91,91,recall6,control,male,ptsd2,25,30,42
0.8466666667,0.2083333333,,0,2-82,82,recall6,control,male,ptsd2,25,30,42
8.366333333,5.429333333,,1.68,2-92,92,recall6,control,male,ptsd2,25,30,42
5.637666667,2.967,,0.82,2-94,94,recall6,ptsd,male,ptsd2,25,30,42
2.862,1.216333333,,0.22,2-84,84,recall6,ptsd,male,ptsd2,25,30,42
13.21466667,9.106666667,,3.98,2-95,95,recall6,ptsd,male,ptsd2,25,30,42
4.497,1.618,,0.25,2-85,85,recall6,ptsd,male,ptsd2,25,30,42
6.15116667,6.15116667,,3.67,3-2,2,sefla,control,male,ptsd3,NA,60,0
41.8555,41.8555,,38.28,3-4,4,sefla,control,male,ptsd3,NA,60,0
5.356,5.356,,1.58,3-6,6,sefla,control,male,ptsd3,NA,60,0
1.02266667,1.02266667,,0.27,3-8,8,sefla,control,male,ptsd3,NA,60,0
4.4515,4.4515,,1.77,3-10,10,sefla,ptsd,male,ptsd3,NA,60,0
4.4425,4.4425,,1.39,3-12,12,sefla,ptsd,male,ptsd3,NA,60,0
61.9248333,61.9248333,,58.54,3-1,1,sefla,ptsd,male,ptsd3,NA,60,0
62.9533333,62.9533333,,59.1,3-3,3,sefla,ptsd,male,ptsd3,NA,60,0
54.3565,54.3565,,50.67,3-5,5,sefla,ptsd,male,ptsd3,NA,60,0
55.515,55.515,,52.87,3-7,7,sefla,ptsd,male,ptsd3,NA,60,0
75.916,75.916,,73.93,3-9,9,sefla,ptsd,male,ptsd3,NA,60,0
62.1191667,62.1191667,,59.27,3-11,11,sefla,ptsd,male,ptsd3,NA,60,0
36.725,32.92,28.45,28.24,3-1,1,seflb,ptsd,male,ptsd3,NA,3,1
1.7175,1.05,0,0,3-2,2,seflb,control,male,ptsd3,NA,3,1
28.845,25.665,20.88,15.14,3-3,3,seflb,ptsd,male,ptsd3,NA,3,1
1.7525,0.445,0,0,3-4,4,seflb,control,male,ptsd3,NA,3,1
23.8225,21.2875,18.67,13.74,3-5,5,seflb,ptsd,male,ptsd3,NA,3,1
0,0,0,0,3-6,6,seflb,control,male,ptsd3,NA,3,1
16.7425,14.2575,12.4175,8.78,3-7,7,seflb,ptsd,male,ptsd3,NA,3,1
0,0,0,0,3-8,8,seflb,control,male,ptsd3,NA,3,1
26.4625,23.905,20.6175,15.14,3-9,9,seflb,ptsd,male,ptsd3,NA,3,1
9.5625,6.8575,3.3625,2.04,3-10,10,seflb,ptsd,male,ptsd3,NA,3,1
25.37,22.515,19.9525,13.74,3-11,11,seflb,ptsd,male,ptsd3,NA,3,1
0.7775,0,0,0,3-12,12,seflb,ptsd,male,ptsd3,NA,3,1
55.018,24.63,16.43,14.26,3-1,1,recall1,ptsd,male,ptsd3,0,5,2
19.43,12.392,8.47,6.86,3-2,2,recall1,control,male,ptsd3,0,5,2
31.638,25.224,19.872,17.2,3-3,3,recall1,ptsd,male,ptsd3,0,5,2
28.546,26.32,22.388,20.23,3-4,4,recall1,control,male,ptsd3,0,5,2
81.366,79.314,78.514,78.52,3-5,5,recall1,ptsd,male,ptsd3,0,5,2
21.516,13.124,4.116,1.96,3-6,6,recall1,control,male,ptsd3,0,5,2
42.546,42.01,40.048,38.5,3-7,7,recall1,ptsd,male,ptsd3,0,5,2
20.412,17.474,11.498,11.5,3-8,8,recall1,control,male,ptsd3,0,5,2
69.36,68.02,67.576,67.08,3-9,9,recall1,ptsd,male,ptsd3,0,5,2
54.046,51.1,44.488,40.23,3-10,10,recall1,ptsd,male,ptsd3,0,5,2
79.048,78.158,75.664,74.58,3-11,11,recall1,ptsd,male,ptsd3,0,5,2
36.05,28.912,18.216,14.99,3-12,12,recall1,ptsd,male,ptsd3,0,5,2
46.332,42.502,,37.08,3-1,1,recall2,ptsd,male,ptsd3,5,5,5
14.302,9.76,,7.58,3-2,2,recall2,control,male,ptsd3,5,5,5
0,19.072,,10.7,3-3,3,recall2,ptsd,male,ptsd3,5,5,5
9.276,6.334,,3.57,3-4,4,recall2,control,male,ptsd3,5,5,5
45.622,42.772,,30.75,3-5,5,recall2,ptsd,male,ptsd3,5,5,5
9.54,3.832,,0,3-6,6,recall2,control,male,ptsd3,5,5,5
16.212,12.828,,5.79,3-7,7,recall2,ptsd,male,ptsd3,5,5,5
2.678,1.252,,0,3-8,8,recall2,control,male,ptsd3,5,5,5
33.286,25.718,,17.65,3-9,9,recall2,ptsd,male,ptsd3,5,5,5
25.322,16.592,,7.4,3-10,10,recall2,ptsd,male,ptsd3,5,5,5
18.972,11.31,,4.1,3-11,11,recall2,ptsd,male,ptsd3,5,5,5
24.832,15.932,,3.57,3-12,12,recall2,ptsd,male,ptsd3,5,5,5
34.204,26.09,,17.29,3-1,1,recall3,ptsd,male,ptsd3,10,5,7
18.872,12.55,,4.19,3-2,2,recall3,control,male,ptsd3,10,5,7
19.172,13.736,,8.02,3-3,3,recall3,ptsd,male,ptsd3,10,5,7
30.056,26.224,,22.01,3-4,4,recall3,control,male,ptsd3,10,5,7
14.616,10.258,,3.74,3-5,5,recall3,ptsd,male,ptsd3,10,5,7
6.064,1.25,,0,3-6,6,recall3,control,male,ptsd3,10,5,7
5.34,2.76,,0,3-7,7,recall3,ptsd,male,ptsd3,10,5,7
9.97,4.536,,0,3-8,8,recall3,control,male,ptsd3,10,5,7
29.496,24.68,,18,3-9,9,recall3,ptsd,male,ptsd3,10,5,7
26.562,23.262,,14.71,3-10,10,recall3,ptsd,male,ptsd3,10,5,7
12.318,9.372,,4.1,3-11,11,recall3,ptsd,male,ptsd3,10,5,7
15.932,11.48,,7.31,3-12,12,recall3,ptsd,male,ptsd3,10,5,7
47.53,45.126,,37.52,3-1,1,recall4,ptsd,male,ptsd3,15,5,16
11.768,7.224,,3.3,3-2,2,recall4,control,male,ptsd3,15,5,16
34.156,30.508,,22.73,3-3,3,recall4,ptsd,male,ptsd3,15,5,16
18.606,13.094,,4.55,3-5,5,recall4,ptsd,male,ptsd3,15,5,16
8.47,3.478,,0.62,3-6,6,recall4,control,male,ptsd3,15,5,16
15.726,11.438,,4.01,3-7,7,recall4,ptsd,male,ptsd3,15,5,16
2.14,0.356,,0,3-8,8,recall4,control,male,ptsd3,15,5,16
60.772,58.362,,52.67,3-9,9,recall4,ptsd,male,ptsd3,15,5,16
30.26,24.914,,18.18,3-10,10,recall4,ptsd,male,ptsd3,15,5,16
38.142,35.202,,30.04,3-11,11,recall4,ptsd,male,ptsd3,15,5,16
9.346,5.692,,2.67,3-12,12,recall4,ptsd,male,ptsd3,15,5,16
30.296,25.838,,20.23,3-1,1,recall5,ptsd,male,ptsd3,20,5,36
13.8,5.252,,1.69,3-2,2,recall5,control,male,ptsd3,20,5,36
42.09,29.262,,19.25,3-3,3,recall5,ptsd,male,ptsd3,20,5,36
16.728,12.276,,7.84,3-5,5,recall5,ptsd,male,ptsd3,20,5,36
16.74,5.692,,0.62,3-6,6,recall5,control,male,ptsd3,20,5,36
38.052,32.704,,16.84,3-7,7,recall5,ptsd,male,ptsd3,20,5,36
23.866,10.946,,1.34,3-8,8,recall5,control,male,ptsd3,20,5,36
19.962,13.096,,3.83,3-9,9,recall5,ptsd,male,ptsd3,20,5,36
42.194,33.642,,17.65,3-10,10,recall5,ptsd,male,ptsd3,20,5,36
18.706,12.466,,6.6,3-11,11,recall5,ptsd,male,ptsd3,20,5,36
24.122,12.818,,3.03,3-12,12,recall5,ptsd,male,ptsd3,20,5,36
15.79883333,12.95216667,,9.54,4-61,61,sefla,control,male,ptsd4,NA,60,0
6.274833333,4.427833333,,2.25,4-71,71,sefla,control,male,ptsd4,NA,60,0
0.8748333333,0.3783333333,,0.19,4-81,81,sefla,control,male,ptsd4,NA,60,0
3.9255,2.931833333,,1.96,4-82,82,sefla,control,male,ptsd4,NA,60,0
47.46483333,46.53816667,,44.66,4-62,62,sefla,ptsd,male,ptsd4,NA,60,0
69.68016667,68.7235,,67.04,4-63,63,sefla,ptsd,male,ptsd4,NA,60,0
59.015,57.80683333,,56.11,4-64,64,sefla,ptsd,male,ptsd4,NA,60,0
60.05666667,59.159,,57.46,4-72,72,sefla,ptsd,male,ptsd4,NA,60,0
60.96616667,59.55083333,,57.56,4-73,73,sefla,ptsd,male,ptsd4,NA,60,0
69.49183333,68.63933333,,67.34,4-74,74,sefla,ptsd,male,ptsd4,NA,60,0
66.9305,66.03333333,,62.63,4-83,83,sefla,ptsd,male,ptsd4,NA,60,0
66.3315,65.264,,63.56,4-84,84,sefla,ptsd,male,ptsd4,NA,60,0
52.206,47.8125,44.63,44.15,4-64,64,seflb,ptsd,male,ptsd4,NA,3,1
21.068,6.5075,3.9025,3.56,4-62,62,seflb,ptsd,male,ptsd4,NA,3,1
26.508,13.6675,9.885,4.83,4-63,63,seflb,ptsd,male,ptsd4,NA,3,1
14.502,0.63,0,0,4-61,61,seflb,control,male,ptsd4,NA,3,1
26.798,13.0325,8.335,8.02,4-74,74,seflb,ptsd,male,ptsd4,NA,3,1
38.092,23.315,17.295,10.05,4-73,73,seflb,ptsd,male,ptsd4,NA,3,1
20.892,6.475,2.025,0,4-72,72,seflb,ptsd,male,ptsd4,NA,3,1
15.208,1.26,1.26,0,4-71,71,seflb,control,male,ptsd4,NA,3,1
25.804,9.2025,7.475,4.2,4-84,84,seflb,ptsd,male,ptsd4,NA,3,1
20.854,3.3875,0,0,4-83,83,seflb,ptsd,male,ptsd4,NA,3,1
16.736,0,0,0,4-82,82,seflb,control,male,ptsd4,NA,3,1
17.06,0,0,0,4-81,81,seflb,control,male,ptsd4,NA,3,1
78.36,77.202,76.4,75.85,4-64,64,recall1,ptsd,male,ptsd4,0,5,5
35.838,31.296,26.74,23.53,4-62,62,recall1,ptsd,male,ptsd4,0,5,5
9.808,6.242,2.05,1.52,4-63,63,recall1,ptsd,male,ptsd4,0,5,5
21.908,18.346,16.478,15.95,4-61,61,recall1,control,male,ptsd4,0,5,5
31.664,29.078,25.248,21.48,4-74,74,recall1,ptsd,male,ptsd4,0,5,5
36.438,30.732,23.334,20.68,4-73,73,recall1,ptsd,male,ptsd4,0,5,5
20.43,18.828,14.736,13.64,4-72,72,recall1,ptsd,male,ptsd4,0,5,5
13.354,9.35,3.3,0.62,4-71,71,recall1,control,male,ptsd4,0,5,5
21.468,15.764,11.04,7.84,4-84,84,recall1,ptsd,male,ptsd4,0,5,5
29.132,27.252,19.044,19.07,4-83,83,recall1,ptsd,male,ptsd4,0,5,5
1.07,0,0,0,4-82,82,recall1,control,male,ptsd4,0,5,5
16.4,9.718,6.252,4.63,4-81,81,recall1,control,male,ptsd4,0,5,5
53.844,51.084,,46.35,4-64,64,recall2,ptsd,male,ptsd4,5,5,9
18.466,13.296,,4.81,4-62,62,recall2,ptsd,male,ptsd4,5,5,9
27.77,21.442,,11.41,4-63,63,recall2,ptsd,male,ptsd4,5,5,9
16.304,8.276,,4.1,4-61,61,recall2,control,male,ptsd4,5,5,9
27.83,21.684,,14.08,4-74,74,recall2,ptsd,male,ptsd4,5,5,9
31.558,23.16,,16.58,4-73,73,recall2,ptsd,male,ptsd4,5,5,9
28.382,24.996,,17.56,4-72,72,recall2,ptsd,male,ptsd4,5,5,9
9.272,5.26,,0.89,4-71,71,recall2,control,male,ptsd4,5,5,9
17.926,10.078,,3.83,4-84,84,recall2,ptsd,male,ptsd4,5,5,9
25.12,20.114,,15.24,4-83,83,recall2,ptsd,male,ptsd4,5,5,9
0.804,0,,0,4-82,82,recall2,control,male,ptsd4,5,5,9
4.992,2.406,,0.62,4-81,81,recall2,control,male,ptsd4,5,5,9
29.312,23.43,,11.68,4-64,64,recall3,ptsd,male,ptsd4,10,5,16
26.02,19.332,,9.8,4-62,62,recall3,ptsd,male,ptsd4,10,5,16
33.214,27.506,,18.98,4-63,63,recall3,ptsd,male,ptsd4,10,5,16
58.026,53.038,,45.45,4-61,61,recall3,control,male,ptsd4,10,5,16
44.482,40.206,,26.2,4-74,74,recall3,ptsd,male,ptsd4,10,5,16
44.678,38.792,,24.69,4-73,73,recall3,ptsd,male,ptsd4,10,5,16
20.674,14.612,,7.84,4-72,72,recall3,ptsd,male,ptsd4,10,5,16
8.826,3.568,,0.62,4-71,71,recall3,control,male,ptsd4,10,5,16
24.498,19.326,,11.05,4-84,84,recall3,ptsd,male,ptsd4,10,5,16
33.33,27.898,,15.33,4-83,83,recall3,ptsd,male,ptsd4,10,5,16
7.4,1.426,,0,4-82,82,recall3,control,male,ptsd4,10,5,16
17.368,13.806,,7.58,4-81,81,recall3,control,male,ptsd4,10,5,16
13.622,8.276,,1.43,4-64,64,recall4,ptsd,male,ptsd4,15,5,23
22.18,13.27,,3.12,4-62,62,recall4,ptsd,male,ptsd4,15,5,23
38.676,31.908,,18.27,4-63,63,recall4,ptsd,male,ptsd4,15,5,23
31.006,25.126,,12.03,4-61,61,recall4,control,male,ptsd4,15,5,23
24.572,17.352,,5.97,4-74,74,recall4,ptsd,male,ptsd4,15,5,23
38.02,26,,9.8,4-73,73,recall4,ptsd,male,ptsd4,15,5,23
11.21,6.674,,1.34,4-72,72,recall4,ptsd,male,ptsd4,15,5,23
14.36,6.16,,0.71,4-71,71,recall4,control,male,ptsd4,15,5,23
20.952,13.454,,4.1,4-84,84,recall4,ptsd,male,ptsd4,15,5,23
21.594,15.884,,8.73,4-83,83,recall4,ptsd,male,ptsd4,15,5,23
8.102,1.422,,0,4-82,82,recall4,control,male,ptsd4,15,5,23
6.146,2.402,,0,4-81,81,recall4,control,male,ptsd4,15,5,23
27.508,21.368,,9.27,4-64,64,recall5,ptsd,male,ptsd4,20,5,30
40.284,33.238,,15.78,4-62,62,recall5,ptsd,male,ptsd4,20,5,30
34.412,27.726,,12.03,4-63,63,recall5,ptsd,male,ptsd4,20,5,30
27.316,20.896,,12.75,4-61,61,recall5,control,male,ptsd4,20,5,30
14.51,9.34,,4.37,4-74,74,recall5,ptsd,male,ptsd4,20,5,30
35.424,26.96,,12.66,4-73,73,recall5,ptsd,male,ptsd4,20,5,30
33.218,25.388,,7.66,4-72,72,recall5,ptsd,male,ptsd4,20,5,30
15.874,5.888,,0,4-71,71,recall5,control,male,ptsd4,20,5,30
9.458,4.638,,2.14,4-84,84,recall5,ptsd,male,ptsd4,20,5,30
33.322,29.226,,15.51,4-83,83,recall5,ptsd,male,ptsd4,20,5,30
16.306,9.532,,2.58,4-82,82,recall5,control,male,ptsd4,20,5,30
16.648,10.592,,5.88,4-81,81,recall5,control,male,ptsd4,20,5,30
25.057,22.25333333,,15.06,4-64,64,recall6,ptsd,male,ptsd4,25,30,40
25.308,23.305,,15.98,4-62,62,recall6,ptsd,male,ptsd4,25,30,40
8.381,5.445666667,,1.22,4-63,63,recall6,ptsd,male,ptsd4,25,30,40
22.52333333,20.342,,14.17,4-61,61,recall6,control,male,ptsd4,25,30,40
22.49233333,19.957,,14.49,4-74,74,recall6,ptsd,male,ptsd4,25,30,40
26.085,23.239,,15.16,4-73,73,recall6,ptsd,male,ptsd4,25,30,40
17.11933333,14.359,,6.3,4-72,72,recall6,ptsd,male,ptsd4,25,30,40
9.865333333,7.284,,2.3,4-71,71,recall6,control,male,ptsd4,25,30,40
12.34066667,8.824333333,,3.53,4-84,84,recall6,ptsd,male,ptsd4,25,30,40
14.839,12.07933333,,6.95,4-83,83,recall6,ptsd,male,ptsd4,25,30,40
1.676666667,0.965,,0,4-82,82,recall6,control,male,ptsd4,25,30,40
13.562,11.42433333,,5.3,4-81,81,recall6,control,male,ptsd4,25,30,40
2.579666667,2.135166667,,0.73,5-06,06,sefla,control,female,ptsd5,NA,60,0
0.6078333333,0.363,,0.05,5-11,11,sefla,control,female,ptsd5,NA,60,0
1.639833333,1.261333333,,0.38,5-61,61,sefla,control,female,ptsd5,NA,60,0
1.742833333,1.275666667,,0.51,5-81,81,sefla,control,female,ptsd5,NA,60,0
60.431,59.6525,,57.05,5-02,02,sefla,ptsd,female,ptsd5,NA,60,0
65.94183333,65.49666667,,64.06,5-84,84,sefla,ptsd,female,ptsd5,NA,60,0
62.41383333,61.52383333,,59.39,5-03,03,sefla,ptsd,female,ptsd5,NA,60,0
43.30716667,41.81666667,,38.21,5-04,04,sefla,ptsd,female,ptsd5,NA,60,0
67.412,66.98916667,,65.21,5-12,12,sefla,ptsd,female,ptsd5,NA,60,0
54.20533333,52.915,,49.12,5-13,13,sefla,ptsd,female,ptsd5,NA,60,0
62.47166667,61.82666667,,60.19,5-64,64,sefla,ptsd,female,ptsd5,NA,60,0
56.78,56.22383333,,54.46,5-62,62,sefla,ptsd,female,ptsd5,NA,60,0
50.7675,46.72,39.215,38.17,5-03,03,seflb,ptsd,female,ptsd5,NA,3,1
52.11,45.175,34.6125,33.46,5-02,02,seflb,ptsd,female,ptsd5,NA,3,1
20.565,16.755,13.69,11.45,5-04,04,seflb,ptsd,female,ptsd5,NA,3,1
10.86,7.8075,6.2525,3.82,5-06,06,seflb,control,female,ptsd5,NA,3,1
17.6975,15.6675,15.125,8.4,5-81,81,seflb,control,female,ptsd5,NA,3,1
61.85,59.725,56.8775,55.98,5-12,12,seflb,ptsd,female,ptsd5,NA,3,1
38.4375,36.4825,32.5375,28.5,5-13,13,seflb,ptsd,female,ptsd5,NA,3,1
0,0,0,0,5-11,11,seflb,control,female,ptsd5,NA,3,1
70.83,69.6025,66.705,64.89,5-84,84,seflb,ptsd,female,ptsd5,NA,3,1
3.7825,3.3625,3.3625,2.04,5-61,61,seflb,control,female,ptsd5,NA,3,1
41.9625,38.69,37.3525,38.68,5-62,62,seflb,ptsd,female,ptsd5,NA,3,1
55.2,50.82,47.93,46.82,5-64,64,seflb,ptsd,female,ptsd5,NA,3,1
50.71,58.548,54.718,49.91,5-03,03,recall1,ptsd,female,ptsd5,0,5,3
64.884,62.658,60.958,57.75,5-02,02,recall1,ptsd,female,ptsd5,0,5,3
52.234,47.422,40.73,38.59,5-04,04,recall1,ptsd,female,ptsd5,0,5,3
15.69,9.366,7.67,7.66,5-06,06,recall1,control,female,ptsd5,0,5,3
50.728,43.236,34.05,29.77,5-81,81,recall1,control,female,ptsd5,0,5,3
90.02,89.484,89.128,88.06,5-12,12,recall1,ptsd,female,ptsd5,0,5,3
81.922,81.298,80.94,80.39,5-13,13,recall1,ptsd,female,ptsd5,0,5,3
34.968,28.912,21.342,19.7,5-11,11,recall1,control,female,ptsd5,0,5,3
74.856,74.586,74.232,74.24,5-84,84,recall1,ptsd,female,ptsd5,0,5,3
36.478,31.394,26.674,24.51,5-61,61,recall1,control,female,ptsd5,0,5,3
39.298,34.482,28.342,26.74,5-62,62,recall1,ptsd,female,ptsd5,0,5,3
54.28,48.212,43.05,40.91,5-64,64,recall1,ptsd,female,ptsd5,0,5,3
47.588,38.406,,26.2,5-03,03,recall2,ptsd,female,ptsd5,5,5,10
54.356,51.152,,39.93,5-02,02,recall2,ptsd,female,ptsd5,5,5,10
28.55,21.062,,7.49,5-04,04,recall2,ptsd,female,ptsd5,5,5,10
20.968,14.81,,3.39,5-06,06,recall2,control,female,ptsd5,5,5,10
13.896,7.13,,1.6,5-81,81,recall2,control,female,ptsd5,5,5,10
63.104,59.978,,53.74,5-12,12,recall2,ptsd,female,ptsd5,5,5,10
62.288,59.078,,52.23,5-13,13,recall2,ptsd,female,ptsd5,5,5,10
20.966,15.078,,4.46,5-11,11,recall2,control,female,ptsd5,5,5,10
31.616,27.608,,20.32,5-84,84,recall2,ptsd,female,ptsd5,5,5,10
21.87,17.672,,11.85,5-61,61,recall2,control,female,ptsd5,5,5,10
31.28,28.066,,24.51,5-62,62,recall2,ptsd,female,ptsd5,5,5,10
60.396,57.536,,52.76,5-64,64,recall2,ptsd,female,ptsd5,5,5,10
23.902,18.378,,9.8,5-03,03,recall3,ptsd,female,ptsd5,10,5,17
56.876,53.76,,45.9,5-02,02,recall3,ptsd,female,ptsd5,10,5,17
45.252,39.718,,30.04,5-04,04,recall3,ptsd,female,ptsd5,10,5,17
19.072,15.24,,6.86,5-06,06,recall3,control,female,ptsd5,10,5,17
19.666,12.896,,4.37,5-81,81,recall3,control,female,ptsd5,10,5,17
42.252,37.526,,26.74,5-12,12,recall3,ptsd,female,ptsd5,10,5,17
24.824,19.382,,11.68,5-13,13,recall3,ptsd,female,ptsd5,10,5,17
38.128,32.414,,11.94,5-11,11,recall3,control,female,ptsd5,10,5,17
41.722,35.218,,25.49,5-84,84,recall3,ptsd,female,ptsd5,10,5,17
5.262,2.408,,0,5-61,61,recall3,control,female,ptsd5,10,5,17
24.786,20.236,,15.42,5-62,62,recall3,ptsd,female,ptsd5,10,5,17
44.838,38.248,,26.38,5-64,64,recall3,ptsd,female,ptsd5,10,5,17
36.758,34.182,,18.89,5-03,03,recall4,ptsd,female,ptsd5,15,5,24
43.78,39.406,,28.07,5-02,02,recall4,ptsd,female,ptsd5,15,5,24
39.128,28.698,,19.43,5-04,04,recall4,ptsd,female,ptsd5,15,5,24
30.344,21.508,,9,5-06,06,recall4,control,female,ptsd5,15,5,24
16.222,6.78,,0.62,5-81,81,recall4,control,female,ptsd5,15,5,24
62.018,58.808,,45.72,5-12,12,recall4,ptsd,female,ptsd5,15,5,24
29.848,25.838,,15.42,5-13,13,recall4,ptsd,female,ptsd5,15,5,24
41.098,33.966,,11.94,5-11,11,recall4,control,female,ptsd5,15,5,24
31.136,26.414,,19.43,5-84,84,recall4,ptsd,female,ptsd5,15,5,24
19.194,11.348,,3.57,5-61,61,recall4,control,female,ptsd5,15,5,24
22.734,19.076,,13.1,5-62,62,recall4,ptsd,female,ptsd5,15,5,24
25.636,20.292,,13.19,5-64,64,recall4,ptsd,female,ptsd5,15,5,24
35.576,17.826,,6.25,5-03,03,recall5,ptsd,female,ptsd5,20,5,31
42.61,36.28,,22.5,5-02,02,recall5,ptsd,female,ptsd5,20,5,31
36.832,26.12,,10.36,5-04,04,recall5,ptsd,female,ptsd5,20,5,31
22.242,12.864,,3.84,5-06,06,recall5,control,female,ptsd5,20,5,31
18.988,8.018,,0,5-81,81,recall5,control,female,ptsd5,20,5,31
54.902,49.202,,31.73,5-12,12,recall5,ptsd,female,ptsd5,20,5,31
4.904,1.07,,0,5-13,13,recall5,ptsd,female,ptsd5,20,5,31
37.108,28.55,,6.42,5-11,11,recall5,control,female,ptsd5,20,5,31
22.104,17.912,,10.07,5-84,84,recall5,ptsd,female,ptsd5,20,5,31
26.636,17.37,,8.38,5-61,61,recall5,control,female,ptsd5,20,5,31
27.812,24.24,,16.22,5-62,62,recall5,ptsd,female,ptsd5,20,5,31
32.624,20.866,,6.51,5-64,64,recall5,ptsd,female,ptsd5,20,5,31
27.51033333,22.79233333,,13.1,5-03,03,recall6,ptsd,female,ptsd5,25,30,37
40.461,37.56866667,,23.33,5-02,02,recall6,ptsd,female,ptsd5,25,30,37
43.999,40.57166667,,28.67,5-04,04,recall6,ptsd,female,ptsd5,25,30,37
27.05433333,24.117,,14.02,5-06,06,recall6,control,female,ptsd5,25,30,37
8.438666667,6.57,,1.44,5-81,81,recall6,control,female,ptsd5,25,30,37
21.065,17.50433333,,9.6,5-12,12,recall6,ptsd,female,ptsd5,25,30,37
24.06166667,20.85966667,,12.5,5-13,13,recall6,ptsd,female,ptsd5,25,30,37
42.36733333,39.20866667,,27.71,5-11,11,recall6,control,female,ptsd5,25,30,37
6.822666667,5.132333333,,2.36,5-84,84,recall6,ptsd,female,ptsd5,25,30,37
22.28,18.67666667,,10.74,5-61,61,recall6,control,female,ptsd5,25,30,37
16.153,14.01733333,,8.59,5-62,62,recall6,ptsd,female,ptsd5,25,30,37
22.87133333,20.24566667,,14.97,5-64,64,recall6,ptsd,female,ptsd5,25,30,37
2.424333333,2.396,,0.46,6-51,51,sefla,control,female,ptsd6,NA,60,0
38.238,1.8025,,32.28,6-52,52,sefla,ptsd,female,ptsd6,NA,60,0
3.893333333,1.3785,,0.82,6-61,61,sefla,control,female,ptsd6,NA,60,0
4.798166667,1.156666667,,0.79,6-62,62,sefla,control,female,ptsd6,NA,60,0
50.63816667,36.39966667,,44.17,6-63,63,sefla,ptsd,female,ptsd6,NA,60,0
66.07066667,48.26566667,,63.17,6-64,64,sefla,ptsd,female,ptsd6,NA,60,0
58.83116667,64.78733333,,57.08,6-65,65,sefla,ptsd,female,ptsd6,NA,60,0
3.365666667,58.09733333,,0.7,6-71,71,sefla,control,female,ptsd6,NA,60,0
65.95416667,45.05583333,,63.3,6-75,75,sefla,ptsd,female,ptsd6,NA,60,0
59.69616667,62.35833333,,56.4,6-74,74,sefla,ptsd,female,ptsd6,NA,60,0
63.7005,58.51,,60.19,6-73,73,sefla,ptsd,female,ptsd6,NA,60,0
47.4505,64.69383333,,41.76,6-72,72,sefla,ptsd,female,ptsd6,NA,60,0
4.83,3.1125,2.6675,2.04,6-51,51,seflb,control,female,ptsd6,NA,3,1
17.035,13.5225,9.85,7.76,6-52,52,seflb,ptsd,female,ptsd6,NA,3,1
1.865,0.445,0,0,6-61,61,seflb,control,female,ptsd6,NA,3,1
0.9625,0,0,0,6-62,62,seflb,control,female,ptsd6,NA,3,1
21.3525,11.43,5.36,3.82,6-63,63,seflb,ptsd,female,ptsd6,NA,3,1
37.74,36.535,34.035,38.22,6-64,64,seflb,ptsd,female,ptsd6,NA,3,1
31.45,29.4675,29.0175,22.8,6-65,65,seflb,ptsd,female,ptsd6,NA,3,1
0.6425,0,0,0,6-71,71,seflb,control,female,ptsd6,NA,3,1
44.74,41.8375,38.6025,33.08,6-75,75,seflb,ptsd,female,ptsd6,NA,3,1
17.8725,16.2325,11.44,9.03,6-74,74,seflb,ptsd,female,ptsd6,NA,3,1
20.975,17.7025,15.8625,13.87,6-73,73,seflb,ptsd,female,ptsd6,NA,3,1
10.955,6.9675,4.84,3.31,6-72,72,seflb,ptsd,female,ptsd6,NA,3,1
13.188,10.518,5.794,4.81,6-51,51,recall1,control,female,ptsd6,0,5,20
27.018,21.662,14.622,10.87,6-52,52,recall1,ptsd,female,ptsd6,0,5,20
17.25,13.606,9.69,8.65,6-61,61,recall1,control,female,ptsd6,0,5,20
8.638,5.162,3.028,1.96,6-62,62,recall1,control,female,ptsd6,0,5,20
26.598,20.626,17.15,15.51,6-63,63,recall1,ptsd,female,ptsd6,0,5,20
47.006,44.42,41.56,41.09,6-64,64,recall1,ptsd,female,ptsd6,0,5,20
49.652,46.71,45.11,44.56,6-65,65,recall1,ptsd,female,ptsd6,0,5,20
4.714,2.934,1.778,1.25,6-71,71,recall1,control,female,ptsd6,0,5,20
41.834,38.54,35.866,33.69,6-75,75,recall1,ptsd,female,ptsd6,0,5,20
29.356,26.058,21.866,18.63,6-74,74,recall1,ptsd,female,ptsd6,0,5,20
68.152,66.81,64.492,62.92,6-73,73,recall1,ptsd,female,ptsd6,0,5,20
17.268,12.726,8.184,6.06,6-72,72,recall1,ptsd,female,ptsd6,0,5,20
0.8,0,,0,6-51,51,recall2,control,female,ptsd6,5,5,27
22.478,18.554,,12.03,6-52,52,recall2,ptsd,female,ptsd6,5,5,27
12.862,8.042,,3.92,6-61,61,recall2,control,female,ptsd6,5,5,27
21.42,16.61,,10.61,6-62,62,recall2,control,female,ptsd6,5,5,27
3.386,0.358,,0,6-63,63,recall2,ptsd,female,ptsd6,5,5,27
23.61,20.228,,15.95,6-64,64,recall2,ptsd,female,ptsd6,5,5,27
6.056,4.72,,1.34,6-65,65,recall2,ptsd,female,ptsd6,5,5,27
4.012,0.714,,0,6-71,71,recall2,control,female,ptsd6,5,5,27
23.58,20.1,,18.36,6-75,75,recall2,ptsd,female,ptsd6,5,5,27
14.096,10.71,,7.31,6-74,74,recall2,ptsd,female,ptsd6,5,5,27
21.792,18.852,,15.78,6-73,73,recall2,ptsd,female,ptsd6,5,5,27
13.704,11.83,,7.66,6-72,72,recall2,ptsd,female,ptsd6,5,5,27
5.436,3.478,,0.71,6-51,51,recall3,control,female,ptsd6,10,5,34
20.074,16.066,,9.63,6-52,52,recall3,ptsd,female,ptsd6,10,5,34
10.508,4.806,,0,6-61,61,recall3,control,female,ptsd6,10,5,34
3.834,1.072,,0,6-62,62,recall3,control,female,ptsd6,10,5,34
3.84,0.802,,0,6-63,63,recall3,ptsd,female,ptsd6,10,5,34
22.07,20.468,,19.07,6-64,64,recall3,ptsd,female,ptsd6,10,5,34
27.676,23.58,,17.56,6-65,65,recall3,ptsd,female,ptsd6,10,5,34
0.358,0,,0,6-71,71,recall3,control,female,ptsd6,10,5,34
14.26,9.36,,4.72,6-75,75,recall3,ptsd,female,ptsd6,10,5,34
21.392,18.008,,13.46,6-74,74,recall3,ptsd,female,ptsd6,10,5,34
22.078,19.678,,14.26,6-73,73,recall3,ptsd,female,ptsd6,10,5,34
8.116,4.548,,0,6-72,72,recall3,ptsd,female,ptsd6,10,5,34
3.116651825,1.346,,0,6-51,51,recall4,control,female,ptsd6,15,5,41
19.50133571,15.318,,6.68,6-52,52,recall4,ptsd,female,ptsd6,15,5,41
9.617097061,6.14,,3.48,6-61,61,recall4,control,female,ptsd6,15,5,41
11.66518255,8.81,,2.32,6-62,62,recall4,control,female,ptsd6,15,5,41
7.569011576,4.98,,1.43,6-63,63,recall4,ptsd,female,ptsd6,15,5,41
42.38646483,39.472,,35.65,6-64,64,recall4,ptsd,female,ptsd6,15,5,41
11.30899377,8.502,,6.06,6-65,65,recall4,ptsd,female,ptsd6,15,5,41
1.24666073,0,,0,6-71,71,recall4,control,female,ptsd6,15,5,41
5.164737311,3.568,,0.62,6-75,75,recall4,ptsd,female,ptsd6,15,5,41
27.78272484,25.526,,21.66,6-74,74,recall4,ptsd,female,ptsd6,15,5,41
44.16740873,40.774,,34.14,6-73,73,recall4,ptsd,female,ptsd6,15,5,41
5.164737311,6.532,,1.96,6-72,72,recall4,ptsd,female,ptsd6,15,5,41
7.836153161,2.052,,0,6-51,51,recall5,control,female,ptsd6,20,5,48
14.15850401,10.364,,1.78,6-52,52,recall5,ptsd,female,ptsd6,20,5,48
5.075690116,2.05,,0.62,6-61,61,recall5,control,female,ptsd6,20,5,48
6.500445236,2.404,,0,6-62,62,recall5,control,female,ptsd6,20,5,48
3.739982191,1.696,,0,6-63,63,recall5,ptsd,female,ptsd6,20,5,48
11.75422974,8.546,,4.37,6-64,64,recall5,ptsd,female,ptsd6,20,5,48
4.808548531,2.496,,0,6-65,65,recall5,ptsd,female,ptsd6,20,5,48
1.157613535,0.356,,0,6-71,71,recall5,control,female,ptsd6,20,5,48
6.856634016,3.2,,2.14,6-75,75,recall5,ptsd,female,ptsd6,20,5,48
4.986642921,2.502,,0,6-74,74,recall5,ptsd,female,ptsd6,20,5,48
26.44701692,22.812,,17.02,6-73,73,recall5,ptsd,female,ptsd6,20,5,48
6.856634016,0,,0,6-72,72,recall5,ptsd,female,ptsd6,20,5,48
9.654456473,4.18,,1.85,6-51,51,recall6,control,female,ptsd6,25,30,55
23.44653715,17.554,,7.79,6-52,52,recall6,ptsd,female,ptsd6,25,30,55
15.8089871,6.76,,3.74,6-61,61,recall6,control,female,ptsd6,25,30,55
15.57170399,19.22,,5.86,6-62,62,recall6,control,female,ptsd6,25,30,55
14.28147709,2.678,,5.37,6-63,63,recall6,ptsd,female,ptsd6,25,30,55
24.63295269,25.61,,17,6-64,64,recall6,ptsd,female,ptsd6,25,30,55
16.16491176,6.136,,5.18,6-65,65,recall6,ptsd,female,ptsd6,25,30,55
3.870680706,0,,0.47,6-71,71,recall6,control,female,ptsd6,25,30,55
4.938454694,1.246,,0.61,6-75,75,recall6,ptsd,female,ptsd6,25,30,55
16.5801572,3.556,,9.06,6-74,74,recall6,ptsd,female,ptsd6,25,30,55
37.78733501,28.49,,26.83,6-73,73,recall6,ptsd,female,ptsd6,25,30,55
13.80691087,13.096,,3.63,6-72,72,recall6,ptsd,female,ptsd6,25,30,55
67.25516667,,,,7-41,41,sefla,ptsd,female,ptsd7,NA,60,0
2.188666667,,,,7-42,42,sefla,control,female,ptsd7,NA,60,0
2.0545,,,,7-43,43,sefla,control,female,ptsd7,NA,60,0
61.226,,,,7-44,44,sefla,ptsd,female,ptsd7,NA,60,0
60.87616667,,,,7-45,45,sefla,ptsd,female,ptsd7,NA,60,0
0.01483333333,,,,7-31,31,sefla,control,female,ptsd7,NA,60,0
1.750833333,,,,7-32,32,sefla,control,female,ptsd7,NA,60,0
56.174,,,,7-33,33,sefla,ptsd,female,ptsd7,NA,60,0
7.8825,,,,7-41,41,seflb,ptsd,female,ptsd7,NA,3,1
0.42,,,,7-42,42,seflb,control,female,ptsd7,NA,3,1
0.42,,,,7-43,43,seflb,control,female,ptsd7,NA,3,1
5.9775,,,,7-44,44,seflb,ptsd,female,ptsd7,NA,3,1
6.0675,,,,7-45,45,seflb,ptsd,female,ptsd7,NA,3,1
1.47,,,,7-31,31,seflb,control,female,ptsd7,NA,3,1
0.42,,,,7-32,32,seflb,control,female,ptsd7,NA,3,1
8.9575,,,,7-33,33,seflb,ptsd,female,ptsd7,NA,3,1
56.5,,,,7-41,41,recall1,ptsd,female,ptsd7,0,5,2
16.476,,,,7-42,42,recall1,control,female,ptsd7,0,5,2
24.942,,,,7-43,43,recall1,control,female,ptsd7,0,5,2
34.928,,,,7-44,44,recall1,ptsd,female,ptsd7,0,5,2
41.364,,,,7-45,45,recall1,ptsd,female,ptsd7,0,5,2
26.712,,,,7-31,31,recall1,control,female,ptsd7,0,5,2
19.6,,,,7-32,32,recall1,control,female,ptsd7,0,5,2
38.784,,,,7-33,33,recall1,ptsd,female,ptsd7,0,5,2
29.858,,,,7-41,41,recall2,ptsd,female,ptsd7,5,5,8
22.184,,,,7-42,42,recall2,control,female,ptsd7,5,5,8
9.446,,,,7-43,43,recall2,control,female,ptsd7,5,5,8
28.906,,,,7-44,44,recall2,ptsd,female,ptsd7,5,5,8
40.682,,,,7-45,45,recall2,ptsd,female,ptsd7,5,5,8
21.564,,,,7-31,31,recall2,control,female,ptsd7,5,5,8
20.922,,,,7-32,32,recall2,control,female,ptsd7,5,5,8
21.858,,,,7-33,33,recall2,ptsd,female,ptsd7,5,5,8
28.882,,,,7-41,41,recall3,ptsd,female,ptsd7,10,5,15
17.372,,,,7-42,42,recall3,control,female,ptsd7,10,5,15
15.774,,,,7-43,43,recall3,control,female,ptsd7,10,5,15
26.462,,,,7-44,44,recall3,ptsd,female,ptsd7,10,5,15
33.852,,,,7-45,45,recall3,ptsd,female,ptsd7,10,5,15
7.398,,,,7-31,31,recall3,control,female,ptsd7,10,5,15
3.3,,,,7-32,32,recall3,control,female,ptsd7,10,5,15
21.506,,,,7-33,33,recall3,ptsd,female,ptsd7,10,5,15
36.50934996,,,,7-41,41,recall4,ptsd,female,ptsd7,15,5,22
8.103294746,,,,7-42,42,recall4,control,female,ptsd7,15,5,22
21.19323241,,,,7-43,43,recall4,control,female,ptsd7,15,5,22
18.16562778,,,,7-44,44,recall4,ptsd,female,ptsd7,15,5,22
45.50311665,,,,7-45,45,recall4,ptsd,female,ptsd7,15,5,22
43.45503117,,,,7-31,31,recall4,control,female,ptsd7,15,5,22
28.22796082,,,,7-32,32,recall4,control,female,ptsd7,15,5,22
22.08370436,,,,7-33,33,recall4,ptsd,female,ptsd7,15,5,22
26.35796972,,,,7-41,41,recall5,ptsd,female,ptsd7,20,5,29
15.76135352,,,,7-42,42,recall5,control,female,ptsd7,20,5,29
13.35707925,,,,7-43,43,recall5,control,female,ptsd7,20,5,29
26.89225289,,,,7-44,44,recall5,ptsd,female,ptsd7,20,5,29
22.97417631,,,,7-45,45,recall5,ptsd,female,ptsd7,20,5,29
32.94746215,,,,7-31,31,recall5,control,female,ptsd7,20,5,29
20.65894924,,,,7-32,32,recall5,control,female,ptsd7,20,5,29
12.5556545,,,,7-33,33,recall5,ptsd,female,ptsd7,20,5,29
14.3365984,,,,7-41,41,recall6,ptsd,female,ptsd7,25,5,36
21.3713268,,,,7-42,42,recall6,control,female,ptsd7,25,5,36
6.322350846,,,,7-43,43,recall6,control,female,ptsd7,25,5,36
11.75422974,,,,7-44,44,recall6,ptsd,female,ptsd7,25,5,36
21.72751558,,,,7-45,45,recall6,ptsd,female,ptsd7,25,5,36
12.91184328,,,,7-31,31,recall6,control,female,ptsd7,25,5,36
15.04897596,,,,7-32,32,recall6,control,female,ptsd7,25,5,36
10.7747106,,,,7-33,33,recall6,ptsd,female,ptsd7,25,5,36
25.05191338,,,,7-41,41,recall7,ptsd,female,ptsd7,30,30,43
8.172649066,,,,7-42,42,recall7,control,female,ptsd7,30,30,43
17.38356571,,,,7-43,43,recall7,control,female,ptsd7,30,30,43
10.90180955,,,,7-44,44,recall7,ptsd,female,ptsd7,30,30,43
6.406643927,,,,7-45,45,recall7,ptsd,female,ptsd7,30,30,43
20.12457363,,,,7-31,31,recall7,control,female,ptsd7,30,30,43
18.67121459,,,,7-32,32,recall7,control,female,ptsd7,30,30,43
13.83657126,,,,7-33,33,recall7,ptsd,female,ptsd7,30,30,43
,4.829333333,,4.35,,28-1,sefla,control,male,ptsd9,,,
,67.41616667,,65.96,,28-2,sefla,ptsd,male,ptsd9,,,
,65.37,,62.88,,28-3,sefla,ptsd,male,ptsd9,,,
,19.44316667,,15.37,,28-4,sefla,control,male,ptsd9,,,
,1.053166667,,0.19,,28-5,sefla,control,male,ptsd9,,,
,61.13316667,,58.54,,29-1,sefla,ptsd,male,ptsd9,,,
,63.662,,60.81,,29-2,sefla,ptsd,male,ptsd9,,,
,4.385666667,,2.71,,29-3,sefla,control,male,ptsd9,,,
,19.63616667,,15.03,,29-4,sefla,control,male,ptsd9,,,
,47.497,,43.97,,29-5,sefla,ptsd,male,ptsd9,,,
,64.57316667,,61.22,,30-1,sefla,ptsd,male,ptsd9,,,
,43.54133333,,39.37,,30-2,sefla,control,male,ptsd9,,,
,10.187,,8.71,,30-5,sefla,control,male,ptsd9,,,
,64.3755,,63.37,,31-1,sefla,ptsd,male,ptsd9,,,
,67.164,,65.76,,31-2,sefla,ptsd,male,ptsd9,,,
,2.6395,,0.85,,31-5,sefla,control,male,ptsd9,,,
,0.84,,0,,28-1,seflb,control,male,ptsd9,,,
,23.2925,,24.55,,28-2,seflb,ptsd,male,ptsd9,,,
,25.66,,17.18,,28-3,seflb,ptsd,male,ptsd9,,,
,1.68,,0,,28-4,seflb,control,male,ptsd9,,,
,0,,0,,28-5,seflb,control,male,ptsd9,,,
,12.31,,7.76,,29-1,seflb,ptsd,male,ptsd9,,,
,30.7225,,20.23,,29-2,seflb,ptsd,male,ptsd9,,,
,4.8325,,0,,29-3,seflb,control,male,ptsd9,,,
,0.84,,0,,29-4,seflb,control,male,ptsd9,,,
,33.115,,28.37,,29-5,seflb,ptsd,male,ptsd9,,,
,13.26,,7.38,,30-1,seflb,ptsd,male,ptsd9,,,
,4.8325,,1.78,,30-2,seflb,control,male,ptsd9,,,
,1.3825,,1.02,,30-5,seflb,control,male,ptsd9,,,
,25.405,,22.65,,31-1,seflb,ptsd,male,ptsd9,,,
,22.6775,,16.54,,31-2,seflb,ptsd,male,ptsd9,,,
,3.075,,0.89,,31-5,seflb,control,male,ptsd9,,,
,18.082,,11.5,,28-1,recall1,control,male,ptsd9,,,
,48.244,,44.56,,28-2,recall1,ptsd,male,ptsd9,,,
,76.916,,75.58,,28-3,recall1,ptsd,male,ptsd9,,,
,35.854,,32.71,,28-4,recall1,control,male,ptsd9,,,
,4.114,,0,,28-5,recall1,control,male,ptsd9,,,
,56.354,,54.99,,29-1,recall1,ptsd,male,ptsd9,,,
,16.232,,9.45,,29-2,recall1,ptsd,male,ptsd9,,,
,44.038,,38.77,,29-3,recall1,control,male,ptsd9,,,
,32.426,,28.9,,29-4,recall1,control,male,ptsd9,,,
,68.494,,66.46,,29-5,recall1,ptsd,male,ptsd9,,,
,29.076,,24.26,,30-1,recall1,ptsd,male,ptsd9,,,
,26.014,,19.71,,30-2,recall1,control,male,ptsd9,,,
,30.816,,25.4,,30-5,recall1,control,male,ptsd9,,,
,47.448,,41.62,,31-1,recall1,ptsd,male,ptsd9,,,
,63.272,,60.96,,31-2,recall1,ptsd,male,ptsd9,,,
,13.382,,5.44,,31-5,recall1,control,male,ptsd9,,,
,17.834,,6.42,,28-1,recall2,control,male,ptsd9,,,
,53.164,,49.73,,28-2,recall2,ptsd,male,ptsd9,,,
,66.706,,64.97,,28-3,recall2,ptsd,male,ptsd9,,,
,4.104,,1.34,,28-4,recall2,control,male,ptsd9,,,
,7.302,,3.3,,28-5,recall2,control,male,ptsd9,,,
,43.52,,37.43,,29-1,recall2,ptsd,male,ptsd9,,,
,45.12,,41.98,,29-2,recall2,ptsd,male,ptsd9,,,
,1.074,,0,,29-3,recall2,control,male,ptsd9,,,
,18,,10.78,,29-4,recall2,control,male,ptsd9,,,
,60.962,,52.5,,29-5,recall2,ptsd,male,ptsd9,,,
,44.528,,37.52,,30-1,recall2,ptsd,male,ptsd9,,,
,25.288,,12.92,,30-2,recall2,control,male,ptsd9,,,
,26.804,,19.61,,30-5,recall2,control,male,ptsd9,,,
,51.062,,43.23,,31-1,recall2,ptsd,male,ptsd9,,,
,63.57,,59.8,,31-2,recall2,ptsd,male,ptsd9,,,
,5.694,,1.87,,31-5,recall2,control,male,ptsd9,,,
,2.608,,0,,28-1,recall3,control,male,ptsd9,,,
,50.862,,42.45,,28-2,recall3,ptsd,male,ptsd9,,,
,32.41,,25.65,,28-3,recall3,ptsd,male,ptsd9,,,
,10.532,,3.75,,28-4,recall3,control,male,ptsd9,,,
,0.356,,0,,28-5,recall3,control,male,ptsd9,,,
,60.034,,53.7,,29-1,recall3,ptsd,male,ptsd9,,,
,43.81,,35.86,,29-2,recall3,ptsd,male,ptsd9,,,
,0.888,,0,,29-3,recall3,control,male,ptsd9,,,
,22.268,,12.57,,29-4,recall3,control,male,ptsd9,,,
,57.786,,51.25,,29-5,recall3,ptsd,male,ptsd9,,,
,19.364,,13.19,,30-1,recall3,ptsd,male,ptsd9,,,
,13.566,,6.42,,30-2,recall3,control,male,ptsd9,,,
,22.086,,10.87,,30-5,recall3,control,male,ptsd9,,,
,49.296,,37.25,,31-1,recall3,ptsd,male,ptsd9,,,
,58.118,,51.96,,31-2,recall3,ptsd,male,ptsd9,,,
,8.286,,1.87,,31-5,recall3,control,male,ptsd9,,,
,6.952,,0,,28-1,recall4,control,male,ptsd9,,,
,12.482,,6.15,,28-2,recall4,ptsd,male,ptsd9,,,
,42.298,,35.92,,28-3,recall4,ptsd,male,ptsd9,,,
,23.016,,15.51,,28-4,recall4,control,male,ptsd9,,,
,6.05,,1.25,,28-5,recall4,control,male,ptsd9,,,
,46.816,,42.6,,29-1,recall4,ptsd,male,ptsd9,,,
,27.834,,21.84,,29-2,recall4,ptsd,male,ptsd9,,,
,6.79,,0.71,,29-3,recall4,control,male,ptsd9,,,
,32.056,,26.2,,29-4,recall4,control,male,ptsd9,,,
,52.686,,46.61,,29-5,recall4,ptsd,male,ptsd9,,,
,11.576,,9,,30-1,recall4,ptsd,male,ptsd9,,,
,13.63,,1.96,,30-2,recall4,control,male,ptsd9,,,
,16.25,,7.49,,30-5,recall4,control,male,ptsd9,,,
,47.04,,29.14,,31-1,recall4,ptsd,male,ptsd9,,,
,22.652,,11.76,,31-2,recall4,ptsd,male,ptsd9,,,
,9.176,,3.21,,31-5,recall4,control,male,ptsd9,,,